ID,SERVICENAME,FINDERID,FINDERNAME,COMMERCIALTYPE
907,"Power Dancing",3030,darsho-hand-in-hand-dance-and-music-studio-koregaon-park,paid
1781,Yoga,3270,club-one,"free special"
2142,"Yoga  all",5252,yoga-instructor-east-of-kailash,free
2191,Aerobics,5356,zest-rohini,free
1552,"Gym Workout",1838,contours-fitness-studio-for-women-baner,"free special"
1776,"Gym Workout",3200,b3-wellness-studio-mahadevapura,"free special"
1785,"Gym Workout",5502,golds-gym-hsr-layout,free
2206,"Gym Workout",4946,flex-fitness-mehrauli,free
1369,"Gym Workout",4818,gold-s-gym-richmond-road,"free special"
1557,"Gym Workout",1846,dotfit-fitness-baner,"commission on sales"
708,"Hatha Vinyasa (All Levels) by Soniya Mehra",1031,the-yoga-house-bandra-west,paid
1458,"Personal Training",5964,snap-fitness-kalyan-nagar,paid
1628,"Personal Training",3178,snap-fitness-j-p-nagar,paid
114,Combo,1873,endurance-fitness,paid
413,PS4,2201,abs-fitness-wellness-club-only-for-eon-members-kharadi,paid
2379,Zumba,5329,max-fitness-studio-dwarka,free
2462,Dance,5438,jiten-dance-academy-greater-kailash-i,free
2701,Gym,5605,total-fitness-malviya-nagar,free
2781,Kathak,5752,shikshalaya-art-school-mathura-road,free
1565,"Gym Workout",5976,ambience-a-place-for-fitness-padmanabhanagar,free
1488,Yoga,5227,world-welfare-mission-dwarka,free
1801,"Gym Workout + Group Classes",3176,goodlife-fitness,"free special"
2213,Yoga,5264,infinite-health-solutions-1-old-rajendra-nagar,paid
2861,Dance,4862,a-square-pitampura,free
2896,Dance,5812,ajanta-arts-acadomy-lodhi-road,free
134,"Technical Level Dance Class",1242,arpita-s-step-up-india-vile-parle-east,paid
225,"Zumba Classes (Pimpri Saudagar)",1853,vibez,paid
110,"Doonya Workout",1587,nyela-saeed-kapadia,paid
389,"Ballroom Dance",2424,myst-performing-arts,paid
896,"Karate class at Dadar(E) (Kobudo)",621,jehangir-shroff,"free special"
1043,Aerobics,4815,arkfit-arena,"free special"
1255,"Salsa Beginnerâ€™s",2002,flames-dance-school,paid
901,Ballet,3030,darsho-hand-in-hand-dance-and-music-studio-koregaon-park,paid
1425,"Gym Membership",3337,snap-fitness-vidyaranyapura,paid
1108,"Vinyasa Flow by Tonia Clark",1031,the-yoga-house-bandra-west,paid
2224,"Zumba ",1682,zest-4-life,paid
2311,Pilates,5023,360-degree-fitness-pitampura,free
2344,"Martial Arts",5381,seido-karate-india,"free special"
2396,Modern,4291,dance360,paid
2456,Yoga,2969,aarogya-siddhi-yog-yerawada,free
2460,"Gym Workout",5142,fitness-planet-janakpuri,free
2464,Yoga,5441,ruchi-yoga-classes-greater-kailash-i,free
2476,"Gym Workout",5126,fbi-gym-pitampura,free
2620,"Gym Workout",5507,olive-fitness-forever-civil-lines,free
2631,Yoga,5514,yoga-with-rumi-hauz-khas,free
2695,Yoga,5591,yogik-life-style-pitampura,free
2737,Dance,5867,chinar-dance-academy-preet-vihar,free
2774,Dance,5718,ania-dance-music-academy-cr-park,free
2797,Dance,5801,sdipa-shiamak-davar-s-institute-for-the-performing-arts-nehru-place,free
159,Kalaripayattu,1698,aamad-performing-arts,paid
152,"Power Yoga Class",1242,arpita-s-step-up-india-vile-parle-east,paid
385,"Hip Hop ",2424,myst-performing-arts,paid
680,"Urban Hip Hop Classes",4643,the-danceworx-performing-arts-academy-andheri-west,"free special"
1212,"All Dance Forms",3394,genesis,"free special"
2167,"Martial  Arts",5346,india-wing-chun-janakpuri,free
151,"Zumba Class",1242,arpita-s-step-up-india-vile-parle-east,paid
557,"Unlimited Workout",138,frequencee-hughes-road,paid
553,"Pilates Swiss Ball",138,frequencee-hughes-road,paid
1438,Yoga,5219,the-health-cloud-zone-rohini,free
1478,"Gym Workout",3556,fitness-maniac,"free special"
1399,"Gym Membership",3192,snap-fitness-bellandur,paid
1739,"Gym Workout",3211,fine-fettle-fitness-hsr-layout,"free special"
1745,"Circuit training",3209,vivafit-for-women,"free special"
286,"Spinning ",1259,golds-gym-lokhandwala,paid
383,"Boot Camp / Circuit Training",1704,reebok-fitness-studio-khar-west,paid
376,"Cardio / Tone",1704,reebok-fitness-studio-khar-west,paid
379,"Dance Fitness/Core Training",1704,reebok-fitness-studio-khar-west,paid
378,"Functional Training",1704,reebok-fitness-studio-khar-west,paid
381,Zumba,1704,reebok-fitness-studio-khar-west,paid
387,Contemporary,2424,myst-performing-arts,paid
388,"Latin American",2424,myst-performing-arts,paid
404,"Lawn Tennis",2201,abs-fitness-wellness-club-only-for-eon-members-kharadi,paid
410,"Table Tennis",2201,abs-fitness-wellness-club-only-for-eon-members-kharadi,paid
412,"Pool Table",2201,abs-fitness-wellness-club-only-for-eon-members-kharadi,paid
529,"Belly Dance",571,pulse-fitness-studio-santacruz-west,paid
517,"Dancersize Program",571,pulse-fitness-studio-santacruz-west,paid
551,Piloxing,138,frequencee-hughes-road,paid
667,"Gym Workout",1770,i-think-fitness-bandra-west,paid
377,Pilates,1704,reebok-fitness-studio-khar-west,paid
67,"Hatha Yoga - By Rohit Singh",1031,the-yoga-house-bandra-west,paid
68,"Hatha Yoga - By Caron Williamson",1031,the-yoga-house-bandra-west,paid
70,"Hatha Yoga - By Lameeya Arsiwala",1031,the-yoga-house-bandra-west,paid
74,"Hatha Yoga - By Aparajita Jamwal",1031,the-yoga-house-bandra-west,paid
84,"Ashtanya Yoga by Ruchi Kapoor",1031,the-yoga-house-bandra-west,paid
73,"Hatha Vinyasa Yoga",1031,the-yoga-house-bandra-west,paid
80,"Hatha Vinyasa Yoga - By Sunaina Rekhi",1031,the-yoga-house-bandra-west,paid
81,"Vinyasa Flow Yoga by Sunaina Rekhi",1031,the-yoga-house-bandra-west,paid
82,"Vinyasa Flow Yoga (Intermediate) by Sunaina Rekhi",1031,the-yoga-house-bandra-west,paid
77,"Hatha Vinyasa Yoga - By Sudhir Dhrangdharia (All Levels)",1031,the-yoga-house-bandra-west,paid
770,"Ashtangya Vinyasa (All Levels) by Ruchi Kapoor",4681,the-yoga-house-colaba,free
769,"Hatha Vinyasa Yoga (All Levels) by Simi",4681,the-yoga-house-colaba,free
83,Meditation,1031,the-yoga-house-bandra-west,paid
1120,"Freestyle dance class (Adults)",5405,street-swag-dance-academy-navi-mumbai,"free special"
1179,"Zumba at Viman Nagar",2973,fusion-fitness,paid
1001,"Gym Workout",5045,your-fitness-club-new-friends-colony,paid
1437,"Personal Training",3346,snap-fitness-banashankari,paid
1483,"Gym Workout",4782,fit-smaart-kammanahalli,"free special"
1538,"Gym Workout",2156,core-fitness-club-baner,"free special"
1587,"Kids Swimming (Beginner)",3802,vesoma-fitness-malleshwaram,"free special"
1588,"Adults Swimming (Beginner)",3802,vesoma-fitness-malleshwaram,"free special"
1604,"Gym Workout",1867,gravity-fitness-club-bibwewadi,"free special"
1633,"Personal Training",3183,snap-fitness-sahakara-nagar,paid
1665,Yoga,5994,priyanka-devi-gupta-saket,free
1670,Yoga,5240,isha-yoga-saket,free
1794,"Martial Arts",4164,fit-i-am,"free special"
1854,"Gym Membership",5682,fitness-first-india-pvt-ltd-cannaught-place,"free special"
1856,Jujitsu,4768,warrior-fitness-club,"free special"
1859,"Pranayam + Power Yoga",2628,param-yoga-senapati-bapat-road,paid
1867,Kalaripayattu,4659,mathews-kalari,"free special"
1868,"Gym workout",1263,golds-gym-goregaon-east,paid
1878,"Capoeira classes at Bandra",575,capoeira-india,paid
1879,"Capoeira classes at Juhu",575,capoeira-india,paid
2131,Zumba,5335,shikha-sharma-vasant-kunj,free
2145,Yoga,5256,maulik-yoga-lajpat-nagar,free
405,Basketball,2201,abs-fitness-wellness-club-only-for-eon-members-kharadi,paid
1436,"Gym Membership and Boot Camp",3346,snap-fitness-banashankari,paid
2239,Gym,4983,kropp-sport-gym-paschim-vihar,free
2244,"Studio Membership",2821,mickey-mehta-360-wellness-temple-churchgate,paid
2245,"Gym Workout",4993,shiva-s-total-hardcore-gym-shalimar-bagh,free
2248,"Gym Workout",5000,spa-hibiscu-mayur-vihar-phase-i,free
2250,"Studio Membership",2828,mickey-mehta-360-wellness-temple-chembur-east,paid
2251,"Studio Membership",2844,mickey-mehta-360-wellness-temple-tardeo,paid
2254,"Gym Workout",2591,the-lifestyle-fitness-kharghar,"free special"
2255,"Gym Workout",1380,ozone-the-gym-nerul,"free special"
2257,"Gym Workout",2621,toya-fitness-centre-airoli,"free special"
2260,"Gym Workout",5002,club-4-gym-vivek-vihar,free
2266,"Gym Workout",5006,shape-n-size-gym-spa-karol-bagh,free
2267,Crossfit,6081,crossfit-myden-nerul,"free special"
2280,"Gym Workout (Female)",2421,af-10-chembur-east,paid
2299,Bollywood,6036,moov-n-groove-nerul,"free special"
2302,"Gym Workout",5016,the-power-station-gym-vivek-vihar,free
2310,Aeribics,5023,360-degree-fitness-pitampura,free
2323,"Martial Arts",5367,eklavya-pitampura,free
2325,"Martial Arts",6158,abhishek-bisht-vasant-vihar,free
2328,Crossfit,823,xersize-ladies-vile-parle-west,paid
2330,"Martial Arts",5764,krav-maga-india-saket,free
2340,"Gym Workout",2443,5-fitness-goals-kharghar,"free special"
2345,"Martial Arts",5382,japan-shotokan-karate-do-kanninjuku-organisation-delhi-greater-kailash-i,free
2346,"Martial Arts",5386,martial-arts-training-center-lajpat-nagar,free
2350,Dance,4875,moving-souls,"free special"
2359,"Gym Workout",6164,the-gyym-vasant-vihar-thane-west,"free special"
2360,"Yoga Classes",5269,vishwa-bharti-yoga-sansthan-laxmi-nagar,free
2374,"Group Activities all",5066,absolute-fitness-gym-and-spa-dwarka,free
2387,"Dance ",4013,shp-mma-crossfit,paid
2388,"Workout Session",4013,shp-mma-crossfit,paid
2390,"Kick Boxing",4291,dance360,paid
2392,Ballet,4291,dance360,paid
2393,"Mohiniattam ",4291,dance360,paid
2394,"Belly Dance ",4291,dance360,paid
2398,"Personal Training all all",5406,personal-fitness-trainer-dwarka,free
2399,B-Boying,4291,dance360,paid
2400,"Personal Training all",5406,personal-fitness-trainer-dwarka,free
2403,ABCD,4291,dance360,paid
2407,Yoga,5286,yoga-and-aerobics-classes-dwarka,free
2438,Yoga,5428,corporate-yoga-centre-malviya-nagar,free
2440,Yoga,5432,art-of-living-yoga-and-meditation-center-old-rajendra-nagar,free
2443,Yoga,5434,yoga-and-meditation-dwarka,free
2461,Yoga,5440,patanjali-chikitshalya-greater-kailash-i,free
2475,"Gym Workout",5124,explode-gym-and-spa-pitampura,free
2483,Dance,5447,tansen-sangeet-mahavidyalaya-east-of-kailash,free
2485,Aerobics,5447,tansen-sangeet-mahavidyalaya-east-of-kailash,free
2486,Zumba,5447,tansen-sangeet-mahavidyalaya-east-of-kailash,free
2497,Dance,5448,vivid-dance-academy-east-of-kailash,free
2514,Dance,5449,orja-dance-academy-east-of-kailash,free
2515,Dance,5450,talent-dance-world-east-of-kailash,free
2518,"Gym Workout",2785,beyond-fitness-chinchwad,"free special"
2521,Yoga,5454,vikram-yoga-east-of-kailash,free
2525,"Gym Workout",5166,boster-gym-lajpat-nagar,free
2527,Yoga,5458,shiv-mandir-yog-shdhna-kendra-lajpat-nagar,free
2544,Yoga,5471,soham-yoga-studio-new-friends-colony,free
2548,Yoga,5480,yogtara-foundation-alternative-treatment-south-ex-part-i,free
2550,"Gym Workout",5182,breathe-gym-south-ex-part-ii,free
2552,Dance,5483,noopur-performing-art-centre-south-ex-part-ii,free
2587,"Classical Dance",2090,glamzone,"free special"
2607,Dance,5499,swar-mandir-defence-colony,free
2609,Aerobics,5503,10-pebble-fitness-greater-kailash-i,free
2611,Pilates,5503,10-pebble-fitness-greater-kailash-i,free
2612,"Martial Arts",5503,10-pebble-fitness-greater-kailash-i,free
2619,Yoga,5506,kingsfit-health-studio-model-town,free
2635,"Fitness Studio all",5516,workout-fitness-centre-greater-kailash-ii,free
2643,"Fitness Studio",5525,alee-club-rohini,free
2647,Dance,5535,aradhana-academy-of-art-rohini,free
2673,"Gym Workout",6197,health-village-mayur-vihar-phase-ii,paid
1376,"Gym Workout",4823,gold-s-gym-indira-nagar,paid
2683,"Martial Arts",5559,sanshin-kan-mixed-martial-art-fit-rohini,free
2691,Dance,5584,angel-dance-academy-pitampura,free
2717,Yoga,5622,yogi-arun-yoga-center-vasant-vihar,free
2753,Yoga,5675,nav-jeevan-reikki-center-kamla-nagar,free
2762,Yoga,5689,iyengar-yoga-cannaught-place,free
2765,Yoga,5702,thakur-yoga-safdurjung-enclave,free
2772,Dance,5716,paipa-pradeep-adwanis-institute-for-performing-art-lajpat-nagar,free
2773,Yoga,6010,infinite-health-studios-at-home-yoga,paid
2775,Dance,5719,tangents-dyp-studios-lajpat-nagar,free
2779,Zumba,5752,shikshalaya-art-school-mathura-road,free
2783,Yoga,5760,hisyoga-himalayan-institute-for-studies-in-yoga-saket,free
2789,Gym,5780,fair-fitness-gym-malviya-nagar,free
2790,Gym,5783,elite-fitness-gym-spa-malviya-nagar,free
2792,Gym,5784,the-body-mantra-malviya-nagar,free
2794,Dance,5794,sangeet-niketan-malviya-nagar,free
2796,Meditation,5799,z-meditation-centre-nehru-place,free
2799,Gym,5803,splendour-gym-health-club-ashok-vihar,free
2801,Dance,5915,sdipa-shiamak-davar-s-institute-for-the-performing-arts-nirman-vihar,free
2807,Yoga,5834,pramod-fitness-trainer-green-park,free
408,Football,2201,abs-fitness-wellness-club-only-for-eon-members-kharadi,paid
48,"Zumba workout at Santacruz(W)",424,jg-s-fitness-centre-santacruz-west,paid
1117,"Freestyle dance class (Kids)",5402,street-swag-dance-academy-kamothe,"free special"
1119,"Freestyle dance class (Kids)",5405,street-swag-dance-academy-navi-mumbai,"free special"
1390,"Gym Workout",3977,goodlife-fitness-indira-nagar,"free special"
1413,"Gym Workout",3417,core-fitness,"free special"
1417,"Gym Workout",4387,steve-s-international-frazer-town,free
1418,"Gym Workout",3443,lf2-fitness,"free special"
1422,"Gym  Workout",4898,figure-and-fitness-health-club-ashok-vihar,free
1433,Yoga,5242,the-health-cloud-zone-uttam-nagar,free
1434,"Gym Membership",3345,snap-fitness-basavanagudi,paid
1439,"Gym Membership",4904,osho-gym-uttam-nagar,"free special"
1462,"Gym Workout",3172,figurine-fitness,"free special"
1464,"Gym Workout",4254,life-fitness-24-7-gym,"free special"
1474,"Gym Workout",3193,apple-fitness,"free special"
1477,"Gym Workout",3190,figurine-fitness,"free special"
1495,"Gym Workout",2873,work-it-out-studio-wanowrie,"free special"
1497,"Gym Workout",2140,callipygian-gym-aundh,"free special"
1501,"Gym Workout",1860,gold-s-gym-aundh,paid
1500,"Gym Workout",4604,figurine-fitness,"free special"
1504,"Gym Workout",4653,steve-s-gym-domlur-layout,"free special"
1536,"Gym Workout",1801,core-fitness-viman-nagar,"free special"
1537,"Gym Workout",2147,core-fitness-club-pimpri-chinchwad,"free special"
1555,"Gym Workout",4213,steve-s-gym,"free special"
1667,Yoga,5237,mystical-yoga-dwarka,free
1870,"Gym Workout (Including all activities)",5125,aptitude-resolution-for-fitness-pitampura,"free special"
2011,Zumba,6011,cafe-solo-baila-dance-academy-fc-road,paid
2023,"Gym Workout",570,beyond-fitness-borivali-west,paid
2038,"Gym Workout",2739,empower-fitness-club-wanowrie,"free special"
2072,Yoga,2675,zahabbiya-s-yoga-classes-viman-nagar,"free special"
2117,"Cross Training",1739,mickey-mehta-s-360-wellness-malad-west,paid
2128,Yoga,6094,ambikesh-jha-s-scientific-yoga-south-ex-part-ii,free
2176,Dance,4854,stance-dance-studio,free
2194,Gym,4942,fitness-lab-saket,free
392,"Cardio Workout",2117,imperial-fitness-warje,paid
959,"Gym (men)",1970,forma-fitness-club-hinjewadi,free
1395,"Gym Membership",3179,snap-fitness-sankey-road,paid
1635,"Gym Workout",3201,snap-fitness-whietfield,paid
1851,"Gym Workout",3440,aditya-fitness,"free special"
2182,"Gym Workout",6126,stamina-gym-andheri-east,paid
2199,Yoga,5260,yoga-classes-in-south-delhi-hauz-khas,free
2202,Yoga,5359,twist-nd-turns-janakpuri,free
2205,Dance,5359,twist-nd-turns-janakpuri,free
2207,"Martial Arts",5361,warriors-martial-arts-preet-vihar,free
2208,"Martial Arts",5362,warriors-martial-arts-preet-vihar,free
2209,"Jeet Kune Do",5363,jeet-kune-do-tilak-nagar,free
2216,"Dance all",4873,nritya-aparna-lodhi-road,free
2217,"Gym Workout",4953,fit-n-fun-lajpat-nagar,free
2516,Yoga,5453,artistic-yoga-east-of-kailash,free
2522,"Yoga all",5454,vikram-yoga-east-of-kailash,free
2533,"Dance classes",4352,just-dance-frazer-town,paid
831,"Gym workout",3579,prosport-fitness-lower-parel,"free special"
873,"Weight Training",968,f2-fitness-khar-west,paid
899,Bollywood,3030,darsho-hand-in-hand-dance-and-music-studio-koregaon-park,paid
900,"Belly Dancing",3030,darsho-hand-in-hand-dance-and-music-studio-koregaon-park,paid
904,"Hip Hop",3030,darsho-hand-in-hand-dance-and-music-studio-koregaon-park,paid
905,Salsa,3030,darsho-hand-in-hand-dance-and-music-studio-koregaon-park,paid
906,Zumba,3030,darsho-hand-in-hand-dance-and-music-studio-koregaon-park,paid
960,"gym (women)",1970,forma-fitness-club-hinjewadi,free
961,gym,1981,rock-hard-fitness-club-pimpri-chinchwad,free
1575,"Gym Workout",4401,fitness-time,"free special"
1582,"Gym Workout",3340,fitness-one,"free special"
1589,"Gym Workout",3900,century-fitness-hub-magadi-road,"free special"
1756,"Gym Workout",3449,muscle-tribe,"free special"
1757,"Gym Workout",3450,muscle-tribes-gym-bannerghatta-road,"free special"
1793,"Cross Functional Training",4164,fit-i-am,"free special"
1796,"Gym Workout",4700,freedom-fitness,"free special"
1810,Gym,4030,intensity-fitness-center-seshadripuram,"free special"
1813,"Gym ",4489,helios-wellness-pvt-ltd,"free special"
1843,"Gym Workout",4180,group-ex-fitness-revolution,"free special"
1874,"Gym Workout",3231,atom-fitness-complete,"free special"
2100,Yoga,4844,poorna-yoga-studio-hauz-khas,"free special"
2101,"Gym workout",4886,superb-gym,free
2110,Aerobics,5313,la-fitness-the-fitness-cult-ashok-vihar,free
2114,"Gym Workout",4894,power-house-defence-colony,free
2122,"Studio Membership",1739,mickey-mehta-s-360-wellness-malad-west,paid
2127,Yoga,6093,vatsalaya-yoga-vasant-vihar,free
2129,Zumba,5334,sourabh-soni-south-ex-part-i,free
2130,Zumba,5332,vineeta-manglani-delhi-university-area,free
2134,Zumba,5336,shobha-behal-dwarka,free
2144,"Gym Workout",4923,chander-fitness-lajpat-nagar,free
2146,"Yoga all",5256,maulik-yoga-lajpat-nagar,free
2154,"Zumba Workout (Mira Road)",1771,zumba-with-illumination,paid
2162,"Gym Workout",1989,amidas-fitness-narhe,paid
1427,"Gym workout",4889,club-nine-hargobind-enclave,free
1457,"Gym Membership",5964,snap-fitness-kalyan-nagar,paid
1846,"Studio Membership",2806,mickey-mehta-360-wellness-temple-charni-road,paid
1849,"Gym Workout",4037,euro-fitness-center-c-v-raman-nagar,"free special"
1855,"Gym Workout",3551,life-fitness,"free special"
1872,"Gym Workout",1266,golds-gym-powai,paid
2186,"Gym Workout",5357,built-n-fit-rohini,free
2195,"Gym Workout",4936,fat-2-fit-gym-east-of-kailash,free
2210,"Jeet Kune Do",5364,jeet-kune-do-malviya-nagar,free
2211,"Gym Workout",4948,fitness-edge-workout-factory-karol-bagh,free
2214,Yoga,5265,infinite-health-solutions-2-paschim-vihar,paid
2218,"Gym Workout",4954,fitness-club-and-spa-vasant-vihar,free
2222,"Gym Workout",4958,excellent-gym-lajpat-nagar,free
2636,Gym,5521,fitnutz-the-complete-health-centre-rohini,free
2818,"Tango by Vivek Yadav",1664,house-of-wow-bandra-west,paid
2838,"test 6",3305,eight-packs-by-padi,paid
2839,"Yoga Membership",3775,akshar-power-yoga-academy,"free special"
2840,Gym,5922,step-2-fitness-gym-mansarovar-garden,free
2853,Zumba,5338,sanatan-deshwal-ashok-vihar,free
2855,"Fitness Studio",5348,js-fitness-studio-rajouri-garden,free
2856,Dance,4859,tgfd-thank-god-for-dance-malviya-nagar,free
2857,Gym,4931,fitness-prime-malviya-nagar,free
2858,"Fitness Studio ",5351,anuj-academy-of-aerobics-pilates-zumba-fitness-safdurjung-enclave,free
2859,Gym,5355,breathe-fitness-south-ex-part-ii,free
2860,Dance,4865,ndts-new-delhi-tango-school-greater-kailash-ii,free
2862,Gym,4961,the-animals-gym-rajouri-garden,free
2864,Gym,5088,stamina-gym-spa-janakpuri,free
2867,"Martial Arts",5392,crosstrain-martial-arts-saket,free
1162,"Gym Workout",5877,fluid-active-fitness,paid
2869,Gym,5074,the-fitness-fuel-gym-green-park,free
2870,Gym,5075,fitness-point-laxmi-nagar,free
2871,Yoga,5412,universal-yoga-studio-malviya-nagar,free
2872,Gym,5120,bmw-gym-and-swimming-pool-rohini,free
2873,"Fitness Studio",5444,her-fitness-paschim-vihar,"free special"
2874,Yoga,5466,avinash-yoga-sansthan-safdurjung-enclave,free
2875,Yoga,5474,shanti-yoga-naturopathy-ashram-anand-vihar,free
2876,"Yoga all",5474,shanti-yoga-naturopathy-ashram-anand-vihar,free
2877,Yoga,5497,vedic-power-yoga-lajpat-nagar,free
2878,"Gym Membership",1880,talwalkars-gym-viman-nagar,paid
2879,"Gym Membership",2293,talwalkars-gym-koregaon-park,paid
2880,Gym,6206,xtra-gym-and-more-rohini,free
2881,"Gym Membership",1879,talwalkars-gym-wanowrie,paid
2882,Yoga,5549,life-shapers-rohini,free
2889,Gym,5643,ats-health-club-kirti-nagar,free
2892,Yoga,5688,urban-yoga-studio-cannaught-place,free
2893,Gym,5777,flexy-fitness-center-malviya-nagar,free
2894,Dance,5807,r-k-rhythmic-beats-the-dance-studio-ashok-vihar,free
2897,Yoga,5820,sidh-samadhi-yoga-patel-nagar,free
2899,"Gym Workout",1905,mustang-fitness-club-hadapsar,free
2909,"Gym Membership",6227,rover-fitness-viman-nagar,paid
2911,"Studio Memebrship",5145,studio-60-by-club-xcell,paid
856,"Gym Workout",718,muscle-n-mind-colaba,paid
902,Bachata,3030,darsho-hand-in-hand-dance-and-music-studio-koregaon-park,paid
903,"Contemporary Jazz",3030,darsho-hand-in-hand-dance-and-music-studio-koregaon-park,paid
941,"Gym Workout",4839,club-xcell-chattarpur,paid
946,"Fluid Fitness",4840,fluid-fitness-derawal-nagar,"free special"
950,Gym,4937,sumaya-malviya-nagar,"free special"
974,"Gym workout",608,snap-fitness-goregaon-east,"free special"
975,"Kickboxing class",608,snap-fitness-goregaon-east,"free special"
976,"Zumba Classes",608,snap-fitness-goregaon-east,"free special"
1042,Yoga,4815,arkfit-arena,"free special"
1044,"Weight training",4815,arkfit-arena,"free special"
1048,Yoga,1969,nj-s-fitness-center-pimple-saudagar,"free special"
1049,Aerobics,1969,nj-s-fitness-center-pimple-saudagar,"free special"
1164,"Gym Workout",5880,fluid-fitness-vasant-kunj,"free special"
1165,"Gym Workout",5882,fluid-fitness-patel-nagar,"free special"
1166,Gym,5883,fluid-fitness-old-rajendra-nagar,"free special"
1178,"Gym Workout",5893,fluid-fitness-model-town,"free special"
1243,"Gym Workout",4183,haute-fitness-vijay-nagar,free
1284,"Boot camp ",5900,e7-fitness-bandra-west,paid
1397,"Personal Training",3175,snap-fitness-centre-rajeshwari-nagar,paid
1421,Yoga,5216,yoga-sadhna-paschim-vihar,free
1472,"Gym Membership",3491,whitefield-total-fitness,"free special"
1482,Yoga,5972,medical-yoga-lodhi-road,free
1528,"Gym Workout",2194,gold-s-gym-fc-road,"free special"
1531,"Gym Workout",4206,gold-s-gym-narhe,"free special"
1532,"Gym Workout",5967,gold-s-gym-pimple-saudagar,"free special"
1639,"Personal Training ",3201,snap-fitness-whietfield,paid
1643,"Gym Workout",5988,we-fitness-health-and-wellness-center-j-p-nagar,"free special"
1653,"Boot Camp",3341,snap-fitness-c-v-raman-nagar,paid
1655,"Personal Training",3347,snap-fitness-frazer-town,paid
1662,"Gym Workout",4209,fitness-cube-padmanabhanagar,"free special"
1666,Yoga,5995,vinay-bharti-rohini,free
1674,"Gym Workout",4918,aqua-fitness-hargobind-enclave,free
1675,"Yoga ",5997,vandana-lajpat-nagar,free
1695,"Body Conditioning by Shashank",3350,zela,paid
1753,"Gym Workout",3495,fitness-cube,free
1771,"Gym Workout",5962,snap-fitness-center-b-indira-nagar,paid
1772,"Gym Workout",5374,addo-fitness-bannerghatta-road,"free special"
1779,"Gym Membership",3270,club-one,"free special"
1780,Aerobics,3270,club-one,"free special"
1783,"Gym Workout",3416,club-one-fitness-health-studio,paid
1799,"Gym Membership including Yoga + Kick Boxing ",2138,arms-fitness-club-wakad,"free special"
1818,Gym,4767,kainos-fitness-frazer-town,free
1819,Karate,4768,warrior-fitness-club,"free special"
1632,"Gym Workout",3183,snap-fitness-sahakara-nagar,paid
2018,"Latin Ballroom",6011,cafe-solo-baila-dance-academy-fc-road,paid
2092,gym,2134,endurance-fitness-club-camp,paid
2103,Yoga,5217,shambhavi-yoga-studio-vasant-kunj,free
2111,Zumba,5313,la-fitness-the-fitness-cult-ashok-vihar,free
2113,"Yoga+ Zumba",5200,anubha-s-wholistic-yoga-malviya-nagar,paid
2121,Yoga,5229,dhyan-foundation-south-ex-part-ii,free
2125,"Yoga all",5248,real-yog-therapies-inc-model-town,free
2126,Yoga,6092,yoga-instructor,free
2136,Dance,5343,tansen-sangeet-mahavidyalaya-malviya-nagar-malviya-nagar,free
2137,Zumba,5343,tansen-sangeet-mahavidyalaya-malviya-nagar-malviya-nagar,free
2138,Aerobics,5343,tansen-sangeet-mahavidyalaya-malviya-nagar-malviya-nagar,free
2139,Yoag,5249,yoga-enjoyment-greater-kailash-ii,free
2140,Yoga,5250,yoga-enjoyment-greater-kailash-i,free
2141,Yoga,5252,yoga-instructor-east-of-kailash,free
2147,Yoga,5235,srima-yoga-mehrauli,free
2168,Zumba,5347,get-fit-fitness-studio-dwarka,free
2173,"Gym Workout",5350,three-graces-cannaught-place,"free special"
2175,Dance,4853,dancercise-studio-kalkaji,free
79,"Hatha Vinyasa Yoga - By Lameeya Arsiwala",1031,the-yoga-house-bandra-west,paid
87,"Unlimited Yoga ",1031,the-yoga-house-bandra-west,paid
1047,gym,1969,nj-s-fitness-center-pimple-saudagar,"free special"
2184,"Gym Workout",5352,shams-khan-personal-physical-trainer-malviya-nagar,free
2187,Zumba,5357,built-n-fit-rohini,free
2188,Aerobics,5357,built-n-fit-rohini,free
2189,Yoga,5357,built-n-fit-rohini,free
2192,Dance,5356,zest-rohini,free
2197,Aerobics,5353,fitworx,paid
2198,Dance,5353,fitworx,paid
1187,"Gym Workout",5928,energie-gym-rajouri-garden,"free special"
1394,"Gym Membership",3178,snap-fitness-j-p-nagar,paid
1816,"Gym Workout",4778,cubo-fitness-kammanahalli,"free special"
2181,Dance,4856,dance-house-delhi-lajpat-nagar,free
2201,"Gym Workout",4944,the-fitness-care-karol-bagh,free
2223,"Gym Workout",4959,vfc-gym-and-spa-dwarka,free
2225,"Zumba at Reeta's revive gym",6130,zumba-with-bhvya-mehta,"free special"
2226,"Zumba at Balkanji Baari",6130,zumba-with-bhvya-mehta,"free special"
2229,"Zumba + Masala Bhangra at balkanji bari",6130,zumba-with-bhvya-mehta,"free special"
2230,"Zumba at Maisha Studio",6131,zumba-with-kalyani-tambe-kothrud,"free special"
2231,Zumba,2621,toya-fitness-centre-airoli,"free special"
2232,"Gym Workout",4963,fitness-heaven-karol-bagh,free
2233,"Gym Workout",4965,victorious-gym,free
2234,"Gym Workout",4971,the-tone-zone-karol-bagh,free
2235,"Gym Workout",4973,fitness-goal-gym-karol-bagh,free
2236,"Gym Workout",4976,platinum-gym-karol-bagh,free
2237,Yoga,5267,studio-abhyas-greater-kailash-i,free
829,"Gym Workout",2105,gold-s-gym-kalyani-nagar,paid
2238,"Gym Workout",4982,fit-look-paschim-vihar,free
2240,Gym,4970,club-one-gym-karol-bagh,free
2241,"Gym Workout",4989,a-soul-fitness-jahangir-puri,free
2242,"Gym Workout",4985,tuff-n-tone-patel-nagar,free
2243,Gym,5003,shriram-fitness-centre-new-friends-colony,free
2246,"Gym Workout",2867,valeosis-fitness-karve-nagar,"free special"
2249,Yoga,1330,ancient-yoga,paid
2253,"Gym Workout",22,mhatre-s-fitness-mantra-kopar-khairane,"free special"
2256,"Gym Workout",547,elite-fitness-panvel,"free special"
2258,"Gym Workout",554,ikon-wellness-pvt-ltd-airoli,"free special"
2259,"Mixed Martial Arts",2451,fit-and-fight-club-india-vashi,paid
2261,"Gym Workout",50,aryan-fitness-gym-nerul,"free special"
2262,"Gym Workout",5004,radius-gym-and-spa-paschim-vihar,free
2268,"Gym Workout",5008,jeewan-health-planet-lajpat-nagar,free
2269,"Gym Workout",4999,spartan-gym-mayur-vihar-phase-i,free
2272,"Martial Arts",6146,all-india-karate-do-sports-federation-anand-vihar,free
2273,"Gym Workout",4951,av-s-gym-and-yoga-centre-malviya-nagar,free
2278,"Gym Workout",171,beyond-fitness-malabar-hill,paid
2279,"Yoga Classes",1332,yogvan-for-health-happiness-malad-west,paid
2283,"Studio Membership",2848,mickey-mehta-360-wellness-temple-chembur-pool-chembur-east,paid
2287,"Group X Training",4307,the-tribe-fitness-club,paid
2295,"Gym Workout",5014,the-hard-rock-gym-mayur-vihar-phase-i,free
2296,"Gym Workout",5015,the-iron-galaxy-gym-vivek-vihar,free
2297,Zumba,6036,moov-n-groove-nerul,"free special"
2298,Salsa,6036,moov-n-groove-nerul,"free special"
2300,"Mixed Martial Arts",5961,knockdown-vashi,"free special"
2301,"Gym Workout",2445,fitness-connection-kharghar,"free special"
2303,"Gym Workout",5018,golden-s-gym-gtb-nagar,free
2304,"Gym Workout",5019,galaxy-fitness-model-town,free
2306,"Gym Workout",5022,myoplus-gym-spa-pitampura,free
2307,"Mixed Martial Arts",2333,impact-self-defense-and-combat-institute-vashi,"free special"
2308,"Gym Workout",5023,360-degree-fitness-pitampura,free
2309,Yoga,5023,360-degree-fitness-pitampura,free
2312,"Gym Workout",5025,krypton-fitness-studio-pitampura,free
2313,"Gym Workout",5026,nisus-gym-pitampura,free
2314,"Gym Workout",5031,fitness-revolution-rohini,free
2315,"Gym Workout",5032,fitness-quest-gym-rohini,free
2316,"Martial Arts",5378,traditional-martial-arts-school-tmas-mansarovar-garden,free
2317,"Martial Arts  all",5378,traditional-martial-arts-school-tmas-mansarovar-garden,free
2318,"Gym Workout",5071,fitness-addiction-gym-vasant-vihar,free
2319,"Gym Workout",5069,the-gym-health-planet-pitampura,free
2320,"Gym Workout",5013,cardio-rhythm-mayur-vihar-phase-i,free
2321,"Martial Arts",6157,knock-out-martial-arts-lajpat-nagar,free
2322,"Gym Workout (Only Ladies)",823,xersize-ladies-vile-parle-west,paid
2324,Yoga,5367,eklavya-pitampura,free
2326,"Martial Arts",5371,mixed-martial-arts-kick-boxing-studio-uttam-nagar,free
2327,"Martial Arts all",5371,mixed-martial-arts-kick-boxing-studio-uttam-nagar,free
2329,"Fitness plan (Crossfit & Zumba)",823,xersize-ladies-vile-parle-west,paid
2331,"Martial Arts",5377,friends-academy-of-martial-arts-karol-bagh,free
2332,"Gym Workout",1614,neha-s-nutrifit-grant-road-grant-road,paid
2333,Yoga,6009,the-integral-space-lower-parel,paid
2334,Zumba,604,rudra-shala-malad-west,paid
2335,Dance,604,rudra-shala-malad-west,paid
2336,"Gym Workout",1154,health-mantras-andheri-west,paid
2337,"Gym Workout",552,iron-fitness-kharghar,"free special"
2338,"Gym Workout",2257,iron-fitness-center-seawoods,"free special"
2339,"Gym Workout",1437,the-square-gym-cbd-belapur,"free special"
2341,"Gym Workout",6162,the-gyym-ghodbunder-road-thane-west,"free special"
2342,"Gym Workout",6163,fitt-zzone-goregaon-west,"free special"
2343,"Gym Workout & Swimming",1041,elixir-gym,paid
2347,"Dance Classes",4874,dance-with-me-academy-malviya-nagar,free
2348,Zumba,4874,dance-with-me-academy-malviya-nagar,free
2349,Aerobics,4874,dance-with-me-academy-malviya-nagar,free
2354,"Gym Workout",5395,mzone-fitness-gym-new-friends-colony,free
2355,"Gym Workout",5036,the-new-body-temple-karol-bagh,free
2357,"Gym Workout",5037,mind-2-soul-old-rajendra-nagar,free
2358,"Gym Workout",5038,mind-2-soul-kamla-nagar,free
2361,"Martial Arts",5391,mixed-martial-arts-delhi-sanshinkan-ramesh-nagar,free
2362,Yoga,5272,hith-yoga-okhla,free
2363,"Gym Workout",5048,shriram-s-fitness-centre-okhla,free
2364,"Gym Workout",5401,raimbo-fitness-club-kalkaji,free
2365,"Gym Workout",5050,a-fitness-fact-kalkaji,free
2366,Yoga,5274,fitness-yoga-lajpat-nagar,free
2367,"Gym Workout",5054,adya-fitness-centre-crown-plaza-rohini,free
2369,"Gym Workout",5058,dharma-gym-fitness-food-supplements-dwarka,free
2370,Meditation,5280,osho-rajyoga-meditation-centre-safdurjung-enclave,free
2371,"Gym Workout",5062,muscle-and-fitness-janakpuri,free
2372,"Gym Workout",5066,absolute-fitness-gym-and-spa-dwarka,free
2373,"Group Activities",5066,absolute-fitness-gym-and-spa-dwarka,free
2375,"Gym Workout",5061,icon-gym-fitness-centre-pvt-ltd-uttam-nagar,free
2376,Yoga,5283,brahmavarchas-international-yoga-academy-kalkaji,free
2377,Zumba,4291,dance360,paid
2378,"Bollywood Fitness",4291,dance360,paid
2380,"Group Activities",5070,max-fitness-studio-dwarka,free
2381,Zumba,5070,max-fitness-studio-dwarka,free
2382,Yoga,5070,max-fitness-studio-dwarka,free
2383,"Gym Workout ",5067,the-club-complete-fitness-hub-dwarka,free
2384,Yoga,4013,shp-mma-crossfit,paid
2385,"Weight Loss (10kgs)",4013,shp-mma-crossfit,paid
2386,"General Fitness (MMA/Crossfit/Yoga)",4013,shp-mma-crossfit,paid
2389,"Ladies Special",4291,dance360,paid
2391,Yoga,4291,dance360,paid
2395,Salsa,4291,dance360,paid
2397,"Personal Training",5406,personal-fitness-trainer-dwarka,free
2401,"Couple Dance",4291,dance360,paid
2402,Jiving,4291,dance360,paid
2404,Tasters,4291,dance360,paid
2405,"Free Style",4291,dance360,paid
2406,Kathakali,4291,dance360,paid
2408,Yoga,5287,satyarth-power-yoga-and-weightloss-studio-rajouri-garden,free
2409,"Gym Workout",5091,exert-the-gym-patparganj,free
2410,"Gym Workout",5076,first-fitness-preet-vihar,free
2411,"Gym Workout",5093,mg-the-fitness-planet-paharganj,free
2412,Yoga,5288,yoga-vision-malviya-nagar,free
2414,Yoga,5411,workout-worders-vivek-vihar,free
2413,"Gym Workout",5411,workout-worders-vivek-vihar,free
2415,Yoga,5414,yogyatra-laxmi-nagar,free
2416,Yoga,5416,iyenger-yoga-yogashema-cannaught-place,free
2417,Yoga,5418,apex-yoga-and-dance-studio-rajouri-garden,free
2418,Yoga,5420,bio-dynamic-naturecure-and-yog-punjabi-bagh,free
2423,"Nutrition Counselling",4307,the-tribe-fitness-club,paid
2424,"Studio Membership - Combination of six different forms",968,f2-fitness-khar-west,paid
2425,"Gym Workout",1334,leena-mogre-s-fitness-mahim,free
2426,"Gym Workout",5099,fit-n-fine-paschim-vihar,free
2427,"Gym Workout",5100,victorius-gym-anand-vihar,free
2428,"Gym Workout",5103,fizzical-the-ultimate-health-club-anand-vihar,free
2429,"Gym Workout",6175,extreme-fitness-gym-slimmming-centre-mayur-vihar-phase-i,free
2430,"Gym Workout",5104,gym-health-planet-anand-vihar,free
2431,"Gym Workout",5105,absolute-fitness-anand-vihar,free
2432,"Gym Workout",5109,pump-iron-fitness-club-anand-vihar,free
2433,"Gym Workout",5110,awesome-fitness-centre-anand-vihar,free
2434,"Gym Workout",5111,hardroxx-fitness-club-rohini,free
2435,"Gym Workout",5113,karma-fitness-point-pitampura,free
2436,"Gym Workout",5114,body-fitness-rohini,free
2437,Yoga,5426,global-yoga-academy-uttam-nagar,free
2439,"Yoga Classes",5255,dhairya-yoga-foundation-dwarka,free
2441,Yoga,5409,the-yoga-studio-gtb-nagar,free
2442,Yoga,5433,sahaja-yoga-pitampura,free
2444,"Gym Workout",5115,sangeeta-fitness-centre-rohini,free
2445,Aerobics,5115,sangeeta-fitness-centre-rohini,free
2446,"Gym Workout",5116,fitness-hub-gym-rohini,"free special"
2447,Gym,5117,fitness-plus-gym-rohini,free
2448,"Pune Aikikai",2667,pune-aikikai-kalyani-nagar,paid
2457,"Gym Workout",5131,fitmil-the-gym-rajouri-garden,free
2458,"Gym Workout",5133,rdx-the-fitness-explosion-rohini,free
2459,"Gym Workout",6182,the-workout-fitness-gym-paschim-vihar,free
2465,Yoga,5442,patanjali-yoga-classes-greater-kailash-i,free
2466,"Gym Workout",5118,platimun-gym-fitness-rohini,free
2477,Yoga,2807,param-yoga-studio-dp-road,paid
2479,"Gym Workout",5129,the-scorpio-gym-rohini,free
2482,"Fitness Batch",2083,param-yoga-aundh,paid
2484,Yoga,5447,tansen-sangeet-mahavidyalaya-east-of-kailash,free
2487,"P Cube Level 1",2083,param-yoga-aundh,paid
2488,"Health Batch",2083,param-yoga-aundh,paid
2489,"P Cube level 2",2083,param-yoga-aundh,paid
2513,"Gym Workout",5958,contours-women-s-fitness-studio-hsr-layout,paid
2523,"Gym Workout",5164,fitness-zone-lajpat-nagar,free
2524,Yoga,5455,mrityunjay-yoga-classes-east-of-kailash,free
2528,Dance,5459,musical-dreams-safdurjung-enclave,free
2529,Yoga,5464,moksha-yoga-safdurjung-enclave,free
2530,Gym,1845,solaris-baner,paid
2541,"Circuit Training - 30 Minutes",6188,vivafit-pune-gultekdi,"free special"
2542,Yoga,5468,anandyoga-center-safdurjung-enclave,free
2543,Dance,5470,blues-hunt-new-friends-colony,free
2545,Yoga,5473,shambhunath-jha-new-friends-colony,free
2546,"Martial Arts",5475,martial-art-fitness-experts-new-friends-colony,free
2547,Dance,5477,studio-raas,"free special"
2549,Yoga,5481,yoga-meditation-ayurveda-centre-south-ex-part-i,free
2551,Dance,5484,vrinda-dance-classes-south-ex-part-ii,free
2557,Dance,5491,yamini-school-of-dance-hauz-khas,free
2562,Yoga,5492,the-art-of-living-hauz-khas,free
2564,"Dance ",5496,centre-for-mohiniattam-defence-colony,free
2581,Bollywood,2090,glamzone,"free special"
2583,"Hip Hop",2090,glamzone,"free special"
2585,Contemporary,2090,glamzone,"free special"
2597,"Free Style Spinning",4929,metabolikx-fitness,paid
2598,"Les Mills RPM",4929,metabolikx-fitness,paid
2605,Yoga,5498,yogalife-lajpat-nagar,free
2608,Gym,5503,10-pebble-fitness-greater-kailash-i,free
2610,Swimming,5503,10-pebble-fitness-greater-kailash-i,free
2613,"Fitness Studio",6189,fitfataang-rajouri-garden,"free special"
2616,Gym,5505,lifestyle-swim-gym-vasant-vihar,"free special"
2618,"Gym Workout",5506,kingsfit-health-studio-model-town,free
2622,Dance,5708,dance-rox-entertainment-greater-kailash-i,free
2625,Yoga,2160,ashoka-studio-koregaon-park,"commission on sales"
2626,Aerobics,2160,ashoka-studio-koregaon-park,"commission on sales"
2628,Pilates,2160,ashoka-studio-koregaon-park,"commission on sales"
2629,Gym,5512,la-sona-gym-spa-gtb-nagar,free
2632,"Fitness Studio",5516,workout-fitness-centre-greater-kailash-ii,free
2633,"Fitness Studio all",5516,workout-fitness-centre-greater-kailash-ii,free
2634,"Fitness Studio all",5516,workout-fitness-centre-greater-kailash-ii,free
2637,"Fitness Studio",5521,fitnutz-the-complete-health-centre-rohini,free
2640,Gym,5524,r-d-x-fitness-gym-rohini,free
2641,"Children's Batch",6192,kshitij-centre-for-yog-and-ayurved-wanowrie,"free special"
2645,Dance,5532,explote-dance-troup-rohini,free
2663,Dance,5534,choreoevent-rohini,free
2664,"Hip Hop all",5307,casa-de-dance-malviya-nagar,free
2667,Dance,5539,big-dance-centre-pvt-ltd-rohini,free
2668,Dance,5542,korugraphers-co-rohini,free
2672,"Gym Membership",3184,fitness-cafe,paid
1365,"Gym Workout",4817,gold-s-gym-koramangala,paid
2679,Dance,5547,dance-planet-rohini,free
2680,Yoga,5555,jyoti-yoga-center-rohini,free
2682,Yoga,5558,pragya-yoga-center-rohini,free
2684,"Martial Arts all",5559,sanshin-kan-mixed-martial-art-fit-rohini,free
2685,Yoga,5567,health-point-2-u-pitampura,free
2686,Gym,5568,the-gym-health-planet-pitampura,free
2687,"Gym Workout",5569,health-quest-pitampura,free
2688,"Fitness Studio",5574,karma-gym-pitampura,free
2689,Dance,5912,delhi-dancing-preet-vihar,free
2690,Dance,5582,shri-sudha-center-for-performing-art-pitampura,free
2692,"Dance all",5584,angel-dance-academy-pitampura,free
2693,Dance,5590,soni-performing-arts-pitampura,free
2694,Dance,5589,d-dance-music-life-pitampura,free
2696,Yoga,5592,satyananda-yoga-center-pitampura,free
2697,Yoga,5593,anter-srijan-pitampura,free
2698,Gym,5600,beyond-looks-fitness-forever-greater-kailash-i,free
2699,Gym,5601,iron-blast-gym-and-dance-kalkaji,free
2700,Gym,5604,deep-fitness-center-south-ex-part-i,free
2702,Gym,5607,force-gym-safdurjung-enclave,free
2703,Yoga,5607,force-gym-safdurjung-enclave,free
2704,Aerobics,5607,force-gym-safdurjung-enclave,free
2705,Zumba,5607,force-gym-safdurjung-enclave,free
2706,Dance,5607,force-gym-safdurjung-enclave,free
2707,"Fitness Studio",5609,abb-initio-vasant-vihar,free
2708,Gym,5611,life-line-gym-and-spa-lajpat-nagar,free
2709,Gym,5612,o2-club-lajpat-nagar,free
2710,Gym,5613,fitness-step-gym-and-spa-lajpat-nagar,free
2711,Gym,5614,m-r-fitness-zone-lajpat-nagar,free
2713,Gym,5616,evost-fitness-gym-and-spa-new-friends-colony,free
2714,Gym,5617,fuel-evolutions-saket,free
2716,Gym,5619,gymnasium-a-complete-fitness-centre-kalkaji,free
2724,Gym,5623,fitness-fun-gym-satya-niketan,free
2725,Gym,5625,hurricanes-gym-saket,free
2726,Gym,5628,the-yours-gym-and-spa-laxmi-nagar,free
2727,Gym,5629,cardio-prime-gym-mayur-vihar-phase-i,free
2728,Gym,5633,habit-gym-laxmi-nagar,free
2729,Gym,5634,goodways-fitness-laxmi-nagar,free
2730,"Gym all",5634,goodways-fitness-laxmi-nagar,free
2731,Gym,5636,parsona-fitness-club-mayur-vihar-phase-ii,free
2732,Gym,5638,body-mantra-gym-karol-bagh,free
2733,Yoga,5648,twist-therapy-smile-meditation-ramesh-nagar,free
2735,Dance,5865,kalakriti-foundation-preet-vihar,free
2736,Dance,5866,surjeet-sir-ji-dance-academy-preet-vihar,free
2738,Yoga,5872,maharishi-patanjali-8-steps-of-yoga-preet-vihar,free
2739,Yoga,5910,special-power-yoga-naturapathy-preet-vihar,free
2740,Yoga,5873,divine-power-yoga-preet-vihar,free
2741,"Dance all",5912,delhi-dancing-preet-vihar,free
2742,Dance,5916,banjara-school-0f-dance-preet-vihar,free
2743,Dance,5659,freelancer-choreographers-subhash-nagar,free
2744,"Dance all",5659,freelancer-choreographers-subhash-nagar,free
2745,Dance,5660,tansen-sangeet-mahavidyalaya-tilak-nagar,free
2746,Dance,5662,sangeet-vandana-college-of-music-college-tilak-nagar,free
2747,Dance,5664,balle-balle-punjab-troup-tilak-nagar,free
2748,"Dance all",5664,balle-balle-punjab-troup-tilak-nagar,free
2749,Dance,5666,hans-dhwani-music-academy-tilak-nagar,free
2750,"Dance all",5666,hans-dhwani-music-academy-tilak-nagar,free
2751,Dance,5673,nish-dance-academy-kamla-nagar,free
2758,Gym,5679,health-line-fitness-concepts-defence-colony,free
2761,Yoga,5685,yoga-shakti-cannaught-place,free
2763,Dance,5692,natya-ballet-centre-cannaught-place,free
2764,Dance,5700,stance-dance-studio-defence-colony,free
2766,Gym,5703,evolve-truth-in-fitness-safdurjung-enclave,free
2767,Meditation,5704,osho-raj-yoga-meditation-centre-safdurjung-enclave,free
2768,Yoga,5706,shape-up-delhi-south-ex-part-ii,free
2769,Dance,5715,shankar-school-of-dance-troupe-lajpat-nagar,free
2770,Dance,5713,4g-global-performers-east-of-kailash,free
2780,Ballet,5752,shikshalaya-art-school-mathura-road,free
2784,Yoga,5761,atmothan-yoga-classes-saket,free
2785,Yoga,5765,pk-yoga-pramodology-meditation-saket,free
2786,Dance,5769,banjara-school-0f-dance-saket,free
2787,Yoga,5771,holistic-health-care-fitness-center-malviya-nagar,free
2788,Gym,5776,the-big-guns-zone-fitness-malviya-nagar,free
2791,Yoga,5766,dinesh-dagars-yoga-tranceform-saket,free
2793,Dance,5792,ajay-singh-malviya-nagar,free
2795,Yoga,5798,komal-yoga-institute-nehru-place,free
2798,Gym,5802,body-crunch-ashok-vihar,free
2800,Dance,5809,rajiv-sinhas-institute-for-performing-art-nirman-vihar,free
2802,Dance,5813,natyam-tarangam-kuchipudi-school-lodhi-road,free
2803,Yoga,5815,b-k-iyengar-yoga-lodhi-road,free
2804,Gym,5816,addiction-gym-spa-lodhi-road,free
2806,Yoga,5828,yoga-at-door-step-civil-lines,free
2808,Yoga,5836,studio-abhyas-green-park,free
2809,"Fitness Studio",5843,personality-craze-cr-park,free
2810,Gym,5848,body-mechanics-surajmal-vihar,paid
2811,Dance,5917,sangeetalaya-the-most-trusted-music-school-pitampura,free
2812,Dance,5918,sun-light-dance-classes-patparganj,free
2148,"Gym Workout",4913,skywalk-gym-punjabi-bagh,free
1489,"Gym Workout",3424,evolve-fitness-studio,"free special"
390,"Gym Workout",2117,imperial-fitness-warje,paid
407,Cricket,2201,abs-fitness-wellness-club-only-for-eon-members-kharadi,paid
1556,"Gym Workout",3476,steve-s-gym,"free special"
1572,"Gym Workout",4015,fiitness-plus,"free special"
1573,"Gym Workout",4906,enigma-fitness-sector-10-dwarka,free
1574,"Gym Workout",3352,ambience-a-place-for-fitness,free
1627,"Gym Workout",5985,fitness-mantra-j-p-nagar,free
1415,"Gym Training",3335,snap-fitness-bel-road,paid
1424,"Gym Membership",3336,snap-fitness-nagarbhavi,paid
1428,"Gym Membership",3341,snap-fitness-c-v-raman-nagar,paid
1678,"Yoga  ",5258,power-yoga-studio-paharganj,free
2614,"Fitness Studio",5505,lifestyle-swim-gym-vasant-vihar,"free special"
985,gym,1967,force-fitness-centre-wakad,free
1078,Gym,5170,freaky-fitness-center-vasant-vihar,"free special"
1118,"Freestyle dance class (Adults)",5402,street-swag-dance-academy-kamothe,"free special"
1141,Aerobics,292,fun-fit-pvt-ltd-thane-west,"free special"
1157,"Gym Workout",5727,fluid-active-fitness,paid
1163,"Gym Workout",5878,fluid-fitness-pitampura,"free special"
1196,"Gym Workout",4485,the-body-works-gym,"free special"
1279,"Kids Fitness",5900,e7-fitness-bandra-west,paid
1280,"Zumba class",5900,e7-fitness-bandra-west,paid
1282,"Body Conditioning class",5900,e7-fitness-bandra-west,paid
1348,"Gym Workout",3552,the-fitt-club,"free special"
1360,"Gym Workout",3210,ben-body-studio-indira-nagar,"free special"
1361,"Gym Workout",3254,nataraj-muscle-fitness,"free special"
1364,"Gym Workout",3199,bootcamp-fitness-studio,"free special"
1371,"Gym Workout",4819,gold-s-gym-whitefield,"free special"
1372,"Gym Workout",4821,gold-s-gym-bennigana-halli,"free special"
1373,"Gym Workout",5841,fitness-finesse-premium-cr-park,free
1374,"Gym Workout",4822,gold-s-gym-j-p-nagar,"free special"
1382,"Gym Workout",4884,victory-gym-dwarka,free
1383,"Gym Workout",4824,gold-s-gym-malleshwaram,"free special"
1385,"Gym Workout",4825,gold-s-gym-basaveshwara-nagar,"free special"
1386,"Gym Workout",4826,gold-s-gym-kalyan-nagar,"free special"
1387,Yoga,5261,satwa-yoga-paschim-vihar,free
1388,"Gym Workout",3185,o2-fitness-zone,"free special"
1389,"Gym Workout",3176,goodlife-fitness,"free special"
1391,Yoga,5966,bahu-bhumi-south-ex-part-i,free
1393,"Gym Membership",3175,snap-fitness-centre-rajeshwari-nagar,paid
1398,"Personal Training",3179,snap-fitness-sankey-road,paid
1401,"Gym Membership",3204,snap-fitness-rajaji-nagar,paid
1403,"Gym Workout",3916,body-quest,"free special"
1405,"Personal Training",3233,snap-fitness-munnekolal,paid
1406,"Gym Workout",4182,inches-fitness-studio-kammanahalli,"free special"
1407,"Gym Membership",3330,snap-fitness-bannerghatta-road,paid
1409,"Boot Camp (Non Members)",3330,snap-fitness-bannerghatta-road,paid
1410,"Personal Training ",3330,snap-fitness-bannerghatta-road,paid
1412,"Personal Training",3331,snap-fitness-yelahanka,paid
1416,"Personal Training",3335,snap-fitness-bel-road,paid
1414,"Gym Workout",1870,your-fitness-club-swargate,paid
1419,Yoga,5212,soham-yoga-studio-south-ex-part-ii,free
1426,"Personal Training",3337,snap-fitness-vidyaranyapura,paid
1435,"Boot Camp",3345,snap-fitness-basavanagudi,paid
1480,Yoga,5971,medical-yoga-punjabi-bagh,free
1490,"Gym Workout",3206,figurine-fitness,"free special"
1507,"Yoga ",5974,yoga-on-call-south-ex-part-i,free
1508,Yoga,5230,swasthik-nature-cure-old-rajendra-nagar,free
1578,"Gym Workout",3975,the-workouts,"free special"
1583,"Gym Workout",3802,vesoma-fitness-malleshwaram,"free special"
1591,"Gym Workout",5977,magnum-fitness-bommanahalli,free
1592,"Gym Workout",3965,fitness-gear-vo2-max,"free special"
1594,"Gym Workout",5978,fitness-people-r-t-nagar,free
1597,"Gym Workout",1856,urbounce-fitness-bavdhan,"free special"
1600,"Gym Workout",5980,fitness-people-hebbal,free
1609,"Gym Workout all",5981,power-house-gym-whitefield,free
1610,"Gym Workout",3534,power-house-gym,free
1613,"Gym Workout",4909,jorrasic-fitness-centre-pitampura,free
1614,"Yoga ",5982,prenatal-yoga-classes-for-women-south-ex-part-i,free
1615,"Gym General Membership",2198,abs-fitness-wellness-club-magarpatta,paid
1617,"Gym Workout",2199,abs-fitness-wellness-club-bavdhan,paid
1618,"Gym Workout",5983,fit-n-fine-ladies-gym-kumaraswamy-layout,free
1620,"Gym Sessions",1908,air-life-studio-aundh,paid
1621,"Gym Workout",2195,verve-fitness-club-nigdi,"free special"
1623,"Gym Workout",5984,novice-physical-fitness-j-p-nagar,free
1624,"Gym Workout",4917,iron-clutch-shalimar-bagh,free
1648,"Gym Workout",3332,snap-fitness-indiranagar-center-a,paid
1649,Zumba,5990,fitness-web-jaya-nagar,free
1654,"Gym Workout",3347,snap-fitness-frazer-town,paid
1657,"Gym Workout",3432,fitness-world-gym,free
1658,"Gym Workout",3503,fitness-world-gym,free
1660,"Gym Workout",4043,energizer-fitness-centre-and-aerobic-studio,"free special"
1663,"Gym Workout",3421,eagle-fitness,"free special"
1668,Yoga,5238,aryan-yoga-rohini,free
1669,Yoga,5239,aastang-yoga-malviya-nagar,free
1676,"Yoga ",5998,home-yoga-classes-mayur-vihar-phase-i,free
1677,Yoga,5999,yoga-classes-home-mayur-vihar-phase-ii,free
1679,"Yoga ",6000,yoga-for-weight-lose-laxmi-nagar,free
1680,Yoga,5243,cosmos-yoga-center-vasant-vihar,free
1681,Yoga,5244,power-yoga-classes-vivek-vihar,free
1682,"Yoga ",5245,divy-prakritik-upchar-paharganj,free
1683,"Yoga ",5246,dixit-yoga-anand-vihar,free
1685,Yoga,5247,varun-panchal-anand-vihar,free
1686,"Gym Workout",3927,pain-gain-fitness-bannerghatta-road,"free special"
1689,"Gym Workout",3194,power-cuts-and-curves-gym-and-fitness-centre,"free special"
1715,"Gym Workout",5749,xtrimsquare-malleshwaram,"free special"
1734,"Gym Workout",3195,temple-fitness-bannerghatta-road,free
1735,Zumba,3195,temple-fitness-bannerghatta-road,free
1738,"Gym Workout",4179,hsr-fitness-world,"free special"
1744,"Gym Workout",3371,fitness-edge,"free special"
1747,"Circuit Training",3226,vivafit-for-women,"free special"
1750,"Gym Workout",3191,finix-fitness-studio,"free special"
1758,"Gym Workout",4391,pyro-fitness-frazer-town,"free special"
1773,"Gym Workout",4159,bounce-fitness-studio,"free special"
1778,"Gym Workout",4645,goodlife-fitness-bellandur,"free special"
1784,"Yoga Classes",5965,tranquility-yoga,paid
1829,"Mixed Dance Class",4706,studio-5678,"free special"
1837,"Gym Workout",3253,energy-fitness,"free special"
1844,"Studio Membership",2833,mickey-mehta-360-wellness-temple-bandra-west,paid
1850,"Gym Workout",3292,body-craft-multi-gym-devanahalli,"free special"
1922,"Gym (Happy Hours)",2839,the-lunges-health-club,"free special"
1980,"Gym Workout",2132,status-health-club-private-limited-deccan,"free special"
1978,"Physiotherapy ",4481,bodyworks-dance-fitness-studio-wanowrie,paid
2012,Bollywood,6011,cafe-solo-baila-dance-academy-fc-road,paid
2013,"Hip Hop",6011,cafe-solo-baila-dance-academy-fc-road,paid
2014,"Contemporary ",6011,cafe-solo-baila-dance-academy-fc-road,paid
2015,Fusion,6011,cafe-solo-baila-dance-academy-fc-road,paid
2016,"Belly Dance",6011,cafe-solo-baila-dance-academy-fc-road,paid
2017,Salsa,6011,cafe-solo-baila-dance-academy-fc-road,paid
2019,Kathak,6011,cafe-solo-baila-dance-academy-fc-road,paid
2020,Yoga,6011,cafe-solo-baila-dance-academy-fc-road,paid
2021,"Aerobics ",6011,cafe-solo-baila-dance-academy-fc-road,paid
2022,"Kick Boxing",6011,cafe-solo-baila-dance-academy-fc-road,paid
2045,"Gym Workout",5723,toshavi-s-health-spa-pimpri-chinchwad,"commission on sales"
2050,"Gym Workout",6064,the-body-garage-unisex-gym-rohini,paid
2074,"Gym Workout",1806,optimum-health-aundh,"free special"
2077,"Gym Workout",1863,optimum-health-the-gym-kothrud,"free special"
2078,"Gym Workout",1864,optimum-health-the-gym-chinchwad,"free special"
2079,"Gym Workout",1865,optimum-health-the-gym-pimple-saudagar,"free special"
2080,"Gym Workout",2809,optimum-health-fc-road,"free special"
2086,"Gym Workout",2221,forever-fitness-peth,"free special"
2088,"Gym Workout",2728,ultimate-fitness-katraj,"free special"
2095,Yoga,5195,blossom-yoga-kamla-nagar,free
2096,Yoga,5198,vinyasa-flow-hauz-khas,free
2097,Yoga,5200,anubha-s-wholistic-yoga-malviya-nagar,paid
2098,Yoga,5199,vedic-power-yoga-defence-colony,free
2099,Gym,4880,body-x-gym-shalimar-bagh,free
2102,"Gym Workout",6083,golds-gym-karol-bagh,free
2106,"Gym Workout",5313,la-fitness-the-fitness-cult-ashok-vihar,free
2109,Yoga,5313,la-fitness-the-fitness-cult-ashok-vihar,free
2112,Zumba,5200,anubha-s-wholistic-yoga-malviya-nagar,paid
2123,Yoga,5225,yoga-for-life-south-ex-part-i,free
2124,Yoga,5248,real-yog-therapies-inc-model-town,free
2135,Zumba,5342,nritya-sutra-vasant-vihar,free
2158,"Gym Workout",2813,beyond-fitness-kalyani-nagar,paid
2159,"Studio Membership",2824,mickey-mehta-360-wellness-temple-dadar,paid
2163,"Gym Workout",4142,nitrro-bespoke-fitness-breach-candy,paid
2166,"Power Yoga Classes",6125,power-yoga-by-meeta-bandra-west,paid
2169,Aerobics,5347,get-fit-fitness-studio-dwarka,free
2170,"Gym Workout",4925,sa-fitness-studio-malviya-nagar,free
2171,Yoga,5257,rasanya-yoga-fitness-saket,free
2174,"Dance ",4852,idance-india-green-park,free
1346,"Gym Workout",3367,me-fitness,"free special"
1404,"Gym Membership",3233,snap-fitness-munnekolal,paid
1411,"Gym Membership",3331,snap-fitness-yelahanka,paid
1420,Yoga,5214,sivananda-yoga-vedanta-centre-greater-kailash-i,free
2177," Dance ",4855,dancend-hauz-khas,free
2178,"Gym Workout",1611,stamina-gym-vasai-virar,paid
2179,"Masala Bhangara",4855,dancend-hauz-khas,free
2180,Contemporary,4855,dancend-hauz-khas,free
2183,Yoga,6127,ajna-yogashala-mehrauli,free
2185,Spinning,4932,work-house-greater-kailash-i,free
2190,Yoga,5356,zest-rohini,free
2193,Dance,4861,step-up-delhi-lajpat-nagar,free
2196,Zumba,5353,fitworx,paid
2200,Yoga,5262,dharya-yoga-foundation-uttam-nagar,free
2203,Aerobics,5359,twist-nd-turns-janakpuri,free
2204,Zumba,5359,twist-nd-turns-janakpuri,free
2215,Dance,4873,nritya-aparna-lodhi-road,free
2219,Yoga,4955,nsa-health-club-vasant-vihar,free
2220,Aerobics,4955,nsa-health-club-vasant-vihar,free
2221,Aerobics+Yoga,4955,nsa-health-club-vasant-vihar,free
2526,Yoga,5457,rele-vence-square-lajpat-nagar,free
2559,"Gym Workout",2757,shapes-fitness-club,paid
2563,Yoga,5495,swami-vivekananda-yoga-wellness-center-hauz-khas,free
2565,Gym,1808,sculpt-fitness-centre,"free special"
2573,"Studio Workout",4929,metabolikx-fitness,paid
2621,"Dance ",5509,ballatino-dance-studio-greater-kailash-i,free
2624,"Gym Workout",6190,3d-the-gym-vikaspuri,paid
2627,"Gym Workout",6191,3d-the-gym-dwarka,paid
2630,Aerobics,5512,la-sona-gym-spa-gtb-nagar,free
2644,"Gym Workout",6195,3d-the-gym-vasant-kunj,paid
2752,Dance,5674,ambiance-dance-fitness-kamla-nagar,free
2805,Gym,5818,body-fitness-centre-patel-nagar,free
2817,"Swimming pool",2198,abs-fitness-wellness-club-magarpatta,paid
2834,test,3305,eight-packs-by-padi,paid
2835,"test 3",3305,eight-packs-by-padi,paid
2836,"test 4",3305,eight-packs-by-padi,paid
2837,"test 5",3305,eight-packs-by-padi,paid
2842,Dance,5937,singing-hearts-mansarovar-garden,free
2843,Dance,5938,the-steps-dance-academy-mansarovar-garden,free
2844,Gym,5945,fitness-future-gym-mansarovar-garden,free
2845,Dance,6203,ball-rumours-vasant-vihar,free
1871,"Gym Workout",4879,crunch-health-club-rohini,"free special"
2846,Zumba,5323,pooja-gudwani-malviya-nagar,free
2847,Yoga,5233,siva-yoga-studio-vasant-kunj,free
2848,Yoga,6205,kumar-sushamakar-malviya-nagar,free
2849,"Yoga all",6205,kumar-sushamakar-malviya-nagar,free
2850,Yoga,5331,vishal-louis-singh-pitampura,free
2851,Zumba,5333,saurav-singh-dangwal-rajouri-garden,free
2852,Zumba,5337,saurav-singh-dangwal-rajouri-garden,free
2854,Yoga,5251,yogakshema-iyengar-yoga-center-delhi-laxmi-nagar,free
2863,Gym,4975,genetic-fitness-pitampura,free
2865,"Martial Arts",5390,mixed-martial-arts-delhi-south-ex-part-i,free
2868,Gym,5035,optimum-gym-subhash-nagar,free
2895,Yoga,5808,srishtiyoga-ashok-vihar,free
2898,Gym,5681,golds-gym-east-of-kailash,"free special"
2816,"Gym Trim Membership",2198,abs-fitness-wellness-club-magarpatta,paid
2172,"Gym Workout",5349,three-graces-vasant-vihar,"free special"
1611,"Gym Workout",2197,abs-fitness-wellness-club-senapati-bapat-road,paid
2517,"Gym Workout",5959,contours-women-s-fitness-studio-ulsoor,paid
2669,Dance,5544,elegant-rocking-choreography-rohini,free
2681,Yoga,5556,yoga-with-arjun-rohini,free
